Condition,0,1,2,3,4,5,6,7,8,9,10,11,12,13,14,15,16,17,18,19,20,21,22,23,24,25,26,27,28,29
Abdominal Aortic Aneurysm,0.65449,0.18016,0.46214,-0.12649,0.17964,-0.00719,0.08865,0.48067,-0.21393,0.07709,0.12559,0.13848,0.79834,0.64734,0.34322,0.18449,-0.4441,-0.42012,0.22651,0.28641,-0.35782,-0.61433,-0.00095,-0.42999,-0.31599,-0.16334,0.3206,0.0804,-1.06396,0.12249
Abdominal Hernia,0.5891,-0.14819,0.14537,-0.18134,-0.19856,0.2117,-0.13585,0.05074,0.28936,0.05511,-0.51815,0.12596,0.57758,0.23511,0.30283,0.28122,-0.35806,-0.15047,0.06845,0.03548,0.00769,-0.06448,0.51095,-0.15536,-0.74278,-0.23416,0.33378,-0.82239,-0.37189,-0.38332
Acne,-0.08095,0.5465,-0.35546,0.15362,-0.41103,-0.57117,-0.50023,-0.13432,0.33976,0.79988,-0.817,0.41125,-0.35741,0.33652,-0.50649,-0.69099,0.20017,0.60422,0.57164,-0.21376,-0.60752,-0.21822,0.34564,-0.89854,-0.54212,0.43637,0.08468,-1.08609,0.09495,0.23354
Alcohol Misuse,-0.00821,0.43525,-0.01454,-0.00086,0.11527,-1.45026,-0.04647,0.07037,0.10226,0.00799,-0.10469,0.21858,-0.53922,0.54162,0.33295,0.23624,0.13676,0.28937,-0.26743,-0.1349,-0.21057,0.11278,-0.01355,-0.23216,-0.64907,-0.13055,0.70864,-0.09914,-0.44472,-0.24118
Alcoholic liver disease,0.0244,0.25585,0.07718,-0.00027,0.5542,-1.9923,0.22832,0.10799,0.16878,-0.11578,-0.33776,0.12785,-0.48899,0.43826,0.72926,0.62473,0.20972,0.18365,-0.49231,0.17963,0.35725,0.20617,-0.12018,-0.47544,-1.15031,0.10306,0.32043,0.19333,-1.14846,0.02477
Allergic and chronic rhinitis,-0.26419,-0.23153,0.04632,0.31852,0.12504,-0.45827,-0.22161,-0.0792,0.41101,-0.3139,-0.54623,0.27392,0.2108,0.10006,-0.65646,-0.23743,0.33872,0.50754,0.19935,0.07465,-0.70275,0.25009,0.43184,-0.6282,-0.2571,-0.50825,-0.23191,-0.58491,0.25872,0.3305
Alopecia areata,0.02056,-0.54489,0.42371,-0.12218,-0.04412,-0.80401,-0.56854,-0.14223,-0.00529,0.37097,-0.03325,0.41824,-0.0925,-0.02198,-0.31558,0.20361,0.26424,0.59434,0.51724,-0.45841,-1.2107,-0.17214,0.52574,-0.27282,-0.4119,0.13733,-0.04271,-0.63588,-0.39125,0.0294
Anaemia_other,0.13058,0.47868,0.59123,-0.14069,-0.33113,-0.45648,0.05747,-0.51799,-0.32433,-0.17321,-0.01771,0.51691,0.64632,0.04443,-0.1291,0.04202,-0.12866,0.01824,0.10776,-0.04226,0.0959,-0.22299,0.25156,-0.423,-0.23973,0.31527,-0.08594,0.49917,0.01888,0.38645
Angiodysplasia of colon,-0.06301,0.36686,0.58146,0.15729,0.45332,-0.33639,-0.13024,0.0622,-0.152,-0.15243,-0.06471,0.41836,0.8094,-0.04538,0.19973,0.29222,-0.20733,-0.12408,0.21778,-0.51958,0.41175,-0.38364,-0.14583,-0.5151,-0.49289,0.34861,0.39148,0.53945,-0.43492,-0.04972
Ankylosing spondylitis,0.01373,-0.58713,-0.31823,-0.11641,0.53714,-1.04371,0.40246,-0.64328,-0.11628,0.75361,-0.11099,0.18752,0.32846,-0.02698,0.40385,-0.5369,-0.4597,-0.46955,0.15815,-0.46556,0.06909,0.09962,0.59531,-0.90198,-0.45222,-0.52806,-0.23802,-0.86721,-0.77923,0.72681
Anterior and Intermediate Uveitis,0.29297,-1.08309,-0.45536,0.08644,-0.37268,-0.56802,0.2743,-0.28313,-0.44875,0.55088,-0.02879,0.29596,0.08745,-0.39511,-0.12645,0.01297,-0.02748,-0.12366,-0.12873,-0.17962,-0.26455,-0.43264,0.56013,-0.40617,-0.38903,-0.21099,-0.53983,-0.60679,-0.50985,0.62349
Anxiety disorders,0.03608,0.29004,-0.17773,0.34635,0.24551,-0.81054,0.10305,0.05311,0.00693,0.72405,0.07477,0.19832,0.12073,0.04907,-0.33146,-0.5313,0.28474,0.58119,-0.09266,0.48354,-0.3266,-0.09945,0.3989,0.3569,-0.41487,-0.00716,0.64936,-0.41695,-0.05191,-0.13933
Aplastic anaemias,0.12167,0.32818,0.51875,-0.39915,-0.16239,-0.60995,0.121,0.13151,-0.19897,-0.31444,-0.77899,0.2685,0.50738,0.24435,0.33002,-0.13001,0.54409,-0.21818,-0.60255,-0.04712,0.08004,-0.19963,-0.32859,0.03671,-0.70961,0.71579,-0.54248,0.46987,-0.71673,0.6543
Asbestosis,0.07491,0.18158,-0.10249,-0.01017,0.16525,-0.21681,1.00104,0.17353,0.1614,-0.11919,-0.09046,-0.19699,0.64795,0.30044,1.09411,-0.09634,-0.41707,-0.23062,0.34487,0.19542,0.02544,0.11154,-0.12458,-0.71193,-0.54269,-0.54055,0.71342,-0.4088,-0.69262,0.77483
Asthma,-0.22968,-0.04969,-0.16387,0.43005,0.48231,-0.33224,0.03649,-0.33375,0.25731,-0.27922,-0.36357,0.09959,-0.17386,-0.51526,0.17609,0.1772,0.53436,0.48756,0.59938,-0.05337,-0.31913,0.14126,0.32011,-0.7456,-0.28983,-0.21529,0.29214,-0.86077,0.43108,0.07916
Atrial Fibrillation,-0.07359,0.47026,0.15056,0.61979,0.12251,-0.11171,0.24732,0.3304,-0.15016,-0.36019,-0.68122,0.03956,0.31064,0.04351,0.17703,0.4956,-0.13848,-0.25075,0.10195,0.70863,-0.33697,-0.78119,0.19004,-0.26192,-0.89308,-0.68194,0.21854,0.7351,0.05359,-0.09427
Atrioventricular blocks,-0.1473,0.29427,-0.29465,-0.06623,-0.14272,0.001,0.48637,0.40825,-0.33578,0.22792,-0.01803,0.00166,0.60713,-0.12764,0.47554,0.39482,-0.27753,-0.25464,0.14917,-0.26406,-0.37593,-0.37368,0.35264,-0.22526,-0.77691,-0.34172,0.32854,0.10065,0.06942,0.03664
Autism and Asperger's syndrome,-0.10999,0.53954,-0.47367,-0.66585,0.61588,-0.82307,-0.62854,-0.16721,0.20575,0.78292,-1.17941,0.54974,0.22691,-0.22404,-0.09501,-0.20974,0.78632,0.42857,-0.2529,0.52861,-1.04149,0.26056,0.83913,-0.39294,-1.16078,0.40961,0.45804,-1.08303,0.80993,1.1551
Autoimmune liver disease,0.1343,-0.37807,0.43113,0.28121,0.76181,-0.61747,-0.43284,0.03851,-0.04948,0.17606,-0.56111,0.11841,-0.09286,-0.34172,-0.20444,0.53426,0.79805,-0.30387,-0.73481,-0.51434,0.2786,-0.43953,0.19311,-1.17976,-0.37452,0.29187,-0.61222,0.42997,-1.06977,0.18825
Autonomic Neuropathy,-0.01414,0.66418,-0.42703,0.73172,-0.0141,-0.14804,0.34714,-0.14977,-0.25217,0.87167,-0.39729,-0.16243,-0.28067,-0.33231,0.1342,-0.34747,0.57853,-0.71162,0.33974,0.14231,-0.1605,0.99983,0.82918,-0.67646,-0.38886,-0.19073,0.29609,0.27675,-0.66399,0.29276
Barrett's oesophagus,0.74423,0.04644,0.54329,0.18011,0.60127,-0.11449,0.44601,-0.20351,-0.19458,0.08276,-0.20008,0.14158,0.21673,-0.0421,0.35003,0.06837,-0.5312,0.56768,-0.69634,-0.03099,0.40262,0.19111,0.16027,-0.87557,-0.60705,0.04437,0.50372,-0.05733,0.06191,0.33521
Benign Prostatic Hyperplasia,0.40896,-0.09689,0.26177,-0.08707,0.14952,0.16734,-0.00298,0.12792,0.14194,-0.1485,-0.60376,0.2865,0.87013,0.105,0.3998,-0.35999,-0.142,-0.29704,-0.53364,0.37402,-0.28077,0.17801,0.59457,-0.66407,-0.6801,-1.08509,0.57033,-0.15674,-0.28785,0.10236
Benign essential tremor,0.15299,0.36211,-0.39471,0.34726,-0.15717,-0.2946,0.50841,0.36055,0.1038,0.60901,-0.08238,-0.35531,0.03966,-0.09755,0.62477,-0.33652,-0.07792,-0.36548,0.0682,0.26203,-0.25161,-0.11958,0.63631,-1.0365,0.09121,-0.11033,1.12782,-0.17544,0.52296,-0.09876
Bipolar affective disorder and mania,-0.27995,0.66368,0.11128,-0.00496,1.41614,-0.66088,-0.52902,0.04871,-0.36738,0.32764,-1.26688,0.21934,0.03212,1.19338,-0.01198,-0.30297,0.45202,-0.03343,0.13409,0.26265,-0.40217,-0.0252,0.72386,-0.67432,0.16669,0.27442,0.89769,-0.05804,0.46933,-0.28429
Bronchiectasis,0.31884,-0.70831,-0.07821,0.92901,0.39344,-0.0687,0.47044,-0.25464,-0.027,-0.23986,-0.87857,-0.42664,0.3155,0.2351,0.24627,-0.07767,0.67643,0.14988,0.1433,-0.33829,-0.3947,-0.28803,-0.1234,-0.82103,-0.06376,-0.07671,0.69725,-0.10021,-0.30665,0.96377
COPD,0.76279,-0.23413,-0.05394,0.3814,0.5891,-0.54281,0.1842,-0.43357,0.20501,-0.46024,0.08621,-0.11757,0.13636,0.26008,0.42857,0.37463,0.18488,-0.22191,0.40206,0.49407,-0.56085,-0.46208,0.17027,-0.42985,0.23827,-0.49874,0.97138,0.04301,-0.48539,0.40288
Cardiomyopathy_other,-0.72077,0.23329,-0.22249,0.81077,0.40316,-0.19985,0.41188,-0.03371,0.01313,0.34666,-1.06211,0.68754,0.24013,0.14084,-0.20623,0.91616,-0.0992,-0.13686,-0.6596,0.5717,-0.83307,-0.55649,-0.45075,-0.48071,-0.4454,-0.18775,0.03237,0.26508,-0.56698,0.39548
Cataract,0.61785,-0.2998,0.0901,0.19634,-0.3328,-0.11115,0.42414,0.45748,-0.48489,0.05892,0.09115,0.18812,0.16553,-0.45322,0.23144,0.47612,0.06518,-0.13028,0.06428,0.14391,-0.23383,-0.3666,0.4202,-0.42691,-0.22419,-0.3842,0.02334,0.08062,-0.00698,0.47628
Cerebral Palsy,-0.3029,0.04681,-0.53916,-0.24117,0.61385,-0.02778,-0.09025,-0.09899,-0.23286,0.15319,-0.24053,0.53824,-0.12495,-0.01136,-0.42294,0.23153,0.55804,0.04077,-1.05476,0.36282,-0.73011,0.4458,0.83813,-1.22691,-0.4408,0.97533,0.43152,-1.28118,0.19962,1.29994
Chronic Cystitis,0.07592,0.05357,-0.52657,0.5747,0.59371,0.07167,0.03329,0.18508,-0.47235,0.76844,-0.20215,0.18403,0.80902,0.3075,-0.39538,-0.47771,0.77697,0.08967,0.72438,-0.53217,0.22813,-0.3669,0.85812,-0.74481,-0.19262,-0.01868,0.29881,0.11343,-0.23647,-0.39545
Chronic Fatigue Syndrome,0.15261,0.26894,0.10502,0.88686,0.50882,-0.35467,-0.08228,-0.52198,0.1557,1.19973,-0.5649,-0.28988,-0.08554,-0.28224,-0.08127,-0.38544,0.77028,0.10239,0.60838,0.41273,-0.49711,0.82811,1.30846,-0.48359,-0.28414,0.03102,-0.14246,-0.16025,-0.5396,0.32672
Chronic Kidney Disease,0.23593,-0.07904,0.42257,0.08217,0.44512,-0.15944,0.19351,-0.10735,-0.79419,0.34746,-0.04957,0.47767,0.73977,0.12309,0.31006,0.13617,0.07751,-0.50822,0.09119,0.33101,-0.63532,-0.22864,-0.13311,-0.77943,0.01544,-0.11757,-0.02029,0.47317,0.37177,-0.02469
Chronic primary pain,0.05084,0.30181,0.02184,0.95284,0.67018,-0.40021,0.04127,-0.57052,-0.04973,1.2254,-0.5638,-0.36849,-0.11168,-0.30325,0.08298,-0.31241,0.71362,-0.06607,0.59646,0.44361,-0.39222,0.94213,1.35891,-0.53415,-0.23202,0.16081,-0.03819,0.02111,-0.75679,0.36334
Chronic sinusitis,-0.01965,-0.37711,0.1723,0.70143,-0.06113,-0.66623,-0.00082,-0.12862,0.20531,-0.00999,-0.2529,-0.28896,0.18255,0.24436,-0.98654,-0.24422,-0.19299,0.53345,0.4658,0.10856,-0.48208,0.15322,0.5561,-0.40221,-0.37934,-0.35913,-0.09845,-0.25224,-0.23695,0.09368
Chronic viral hepatitis,0.19934,-0.25481,-0.15013,0.52049,0.55843,-0.81018,-0.43187,-0.32479,-0.54924,-0.4589,-0.62775,1.05131,-0.14094,0.96168,-0.18264,0.31019,0.63939,0.2573,-0.53543,0.1423,-0.09602,0.24793,0.0996,-0.02135,-0.35648,0.19303,-0.2251,-0.36258,-0.8555,0.12209
Cirrhosis,0.11607,0.23696,0.07173,0.03541,0.42673,-1.5808,0.00815,0.04663,-0.03299,-0.27777,-0.43967,0.45218,-0.32602,0.28205,0.59061,0.60808,0.43377,-0.00081,-0.6334,-0.01497,0.42394,0.03434,-0.29475,-0.49694,-0.87873,0.24727,0.10309,0.40017,-1.11011,0.11985
Coeliac disease,0.33098,0.51389,0.644,0.31774,0.5558,-0.59231,-0.60923,0.56407,0.28218,0.19151,-0.61695,0.4209,-0.28156,-0.8898,-0.04171,-1.00532,0.25883,0.23581,-0.03638,-0.4006,-0.41371,0.02788,0.5915,-0.95787,-0.74822,-0.08495,0.28693,0.38471,0.112,0.56892
Collapsed vertebra,0.06308,-0.04031,0.26091,0.23645,0.47517,-0.52087,0.83517,0.62743,-0.24813,-0.28047,-0.17552,-0.23214,-0.01083,-0.37913,0.105,0.10408,0.09087,-0.45875,-0.08233,-0.53615,-0.14818,-0.21357,0.34084,-0.05573,-0.05911,0.28607,0.72311,0.42523,-0.20253,0.30861
Congenital Septal Defect,-0.57709,0.43029,-0.45956,0.81899,0.10126,0.08126,-0.79969,0.13725,0.07405,0.28767,0.02289,0.29316,0.05684,-0.01477,0.07856,0.4719,-0.19315,-0.23548,0.3588,0.05213,-0.92764,-0.35615,0.30079,-0.32457,-1.56085,0.37369,0.15672,-0.46123,0.09252,0.34771
Coronary Heart Disease (not otherwise specified),0.04412,0.5542,0.31602,0.05855,0.28105,0.04706,0.36068,-0.08092,-0.5881,0.36603,-0.3458,0.11865,0.24868,-0.12453,0.42788,0.06997,-0.6508,0.1744,0.02156,0.21951,-0.84705,-0.59596,0.19517,-0.78721,0.07248,-0.95917,0.3108,0.04804,-0.51679,0.39555
Crohn's disease,0.18068,0.19155,0.47711,-0.07773,0.7048,-1.62451,-0.2142,-0.40213,0.38151,0.50253,-0.70853,-0.23651,0.39849,0.23218,0.61091,-0.31801,0.05583,-0.08653,0.24938,-0.21655,-0.12276,-0.8042,1.16993,-0.64766,0.23902,0.32845,-0.75686,-0.85106,-0.26637,0.51343
Cystic Fibrosis,0.48528,-0.63352,-0.11343,0.25165,1.00126,-1.22896,-0.14751,0.51614,-0.78656,0.21079,-1.22864,0.47117,-0.01456,-0.04752,-0.22853,-0.79791,1.1805,-0.01324,0.03838,-0.38946,0.42714,1.08347,-0.50714,-1.51039,-0.4899,0.6874,0.26898,-1.10009,-0.07862,1.497
Dementia,-0.04985,0.46738,0.97378,-0.44176,0.07363,-0.26251,0.26957,0.8277,-0.6537,0.26838,0.05952,0.08611,0.20453,0.08133,0.53462,0.54775,0.58755,-0.42607,-0.02413,0.38377,-0.20598,-0.77254,0.75371,-0.0618,-0.30147,-0.01495,1.04728,0.16353,0.21704,0.57108
Depression,-0.22318,0.16477,0.10173,0.19664,0.18069,-0.937,-0.10701,-0.29456,-0.22735,0.56093,0.05988,0.30733,0.09517,0.05693,-0.36942,-0.57203,0.39426,0.43755,-0.2433,0.445,-0.27857,0.09592,0.46299,0.06066,-0.10602,0.02626,0.80861,-0.54255,-0.26992,-0.13425
Dermatitis,-0.17012,0.3265,0.40829,-0.3086,0.05357,-0.22515,-0.05233,0.27582,0.48832,0.25057,0.05216,0.53641,-0.13709,-0.03201,-0.18037,0.19333,0.5039,0.26715,0.61813,0.12665,-0.53506,0.12376,0.47871,-0.50193,-0.29036,-0.24921,-0.18254,-0.70342,-0.00895,0.17147
Diabetes Mellitus_other or not specified,0.33124,0.14132,0.02853,0.01133,-0.06779,-0.53121,-0.02042,0.31252,-0.90929,-0.03203,-0.48001,0.31829,0.38643,-0.30526,0.07573,0.31293,0.11192,-0.11333,0.33035,0.50796,0.09291,0.00665,0.03328,-0.77905,-0.01602,-0.35038,0.18992,0.21329,-0.17421,0.42221
Diabetic Eye Disease,0.35805,0.21648,0.00587,0.08412,-0.24615,-0.57821,-0.03286,0.31809,-1.05586,-0.05044,-0.46176,0.48947,0.40316,-0.4543,0.10103,0.29312,0.14875,-0.17943,0.4292,0.41696,0.1099,0.02733,0.00104,-0.79922,-0.10719,-0.31143,0.23015,0.27511,-0.20335,0.50948
Diabetic Neuropathy,0.12433,0.69147,-0.60452,0.23378,-0.44606,-1.01499,0.6374,0.12442,-1.05811,0.09717,-0.48205,0.21591,0.46624,-0.17589,-0.07527,-0.19627,0.10329,-0.58393,0.3711,0.37268,0.01132,0.43052,0.14634,-1.02351,0.07535,-0.65189,0.33372,0.50325,-0.65841,0.35898
Diaphragmatic hernia,0.5904,0.06466,0.51225,0.50844,0.61683,-0.09614,0.31202,-0.34715,-0.13296,0.28388,0.06248,0.10103,0.24711,-0.17355,-0.06981,0.2332,-0.41616,0.57452,-0.54804,-0.05524,0.2018,0.17554,0.37772,-0.85347,-0.35877,-0.02335,0.31275,-0.03856,-0.04762,0.12736
Dilated cardiomyopathy,-0.76914,0.30884,-0.20896,0.48959,0.12772,-0.93414,0.33017,-0.03867,0.12163,0.15051,-1.05321,0.41531,0.15126,0.24299,0.14085,1.05877,-0.29877,-0.09127,-0.16451,0.30796,-0.8401,-0.63356,-0.45917,-0.18698,-0.78194,-0.08655,0.45606,0.52541,-0.51145,-0.05035
Diverticular Disease,0.32464,-0.30518,0.54169,0.66663,0.18279,-0.25212,0.31032,-0.02335,-0.18252,0.66635,0.09288,0.27328,0.59711,0.09631,0.02017,0.42827,0.06535,0.10835,0.37856,-0.16021,0.36861,-0.40914,0.47392,-0.4762,-0.17209,-0.45083,0.4752,-0.00176,-0.36875,-0.40831
Down's syndrome,0.37562,-0.30357,0.02497,-0.09286,0.10854,0.08636,-1.14406,0.52467,0.02749,0.37105,-0.7058,0.68104,-0.30983,-0.34956,0.61513,0.82006,0.26231,0.1914,0.26379,0.98361,-1.63712,-0.88155,0.64807,-0.77764,-1.13438,1.48131,0.3723,-0.67529,0.77728,0.91319
Dysmenorrhoea,-0.0066,0.08841,-0.17992,0.20036,-0.04125,-0.88231,-0.48533,-0.26367,-0.02093,0.26131,-0.18054,0.28041,-0.14671,-0.00794,-0.9747,-0.27877,0.72439,0.506,0.6241,0.44772,-0.28188,0.42689,0.87111,-0.73576,-0.80545,0.86387,-0.14521,-0.66584,0.14473,-0.22599
Eating Disorders,-0.17824,0.47113,-0.18116,-0.59548,0.8608,-1.21988,0.27239,-0.68264,0.26289,0.89877,-1.00917,0.08286,-0.62429,-0.11342,-1.11545,-0.4011,0.56358,0.32644,0.47829,-0.72276,-0.74647,-0.0641,0.76202,-0.44908,-0.73483,0.89418,1.04133,-0.28569,-0.29749,0.01484
Endometrial hyperplasia and hypertrophy,-0.0868,-0.23894,-0.10479,0.34765,-0.12152,-0.46004,0.30967,0.29346,-0.28545,0.4372,-0.04816,-0.1927,0.28138,0.1257,-0.75846,0.4891,0.30282,0.32297,0.44436,0.23567,0.12355,-0.10124,0.71724,-0.24776,-0.28062,0.78434,-0.44359,0.05729,-0.13424,-0.28639
Endometriosis,0.19128,-0.59776,-0.05953,0.45149,0.37696,-0.97375,-0.48304,-0.05878,-0.06235,0.36244,-0.50036,-0.06387,-0.00607,0.29792,-0.84015,-0.3638,0.92974,0.27804,0.48234,0.43091,0.44078,0.41698,0.96925,-0.71812,-0.83153,1.18352,-0.11516,-0.49233,0.09041,-0.46628
Enteropathic arthropathy,0.452,-1.01404,1.48174,0.34605,0.2365,-1.65987,-0.14608,-1.31745,-0.36639,0.54794,-0.85841,-0.007,0.4737,0.00201,0.26593,-0.43962,0.16481,-0.38804,-0.50808,-0.3846,0.06974,-0.22375,0.06841,-0.63019,-0.09522,0.2269,-1.01773,-0.8382,-0.53592,0.56078
Enthesopathy and synovial disorder,-0.0792,-0.30033,0.412,0.27689,-0.36326,-0.1111,0.27258,-0.09656,-0.12923,0.13885,-0.3316,0.28889,-0.18634,-0.02798,-0.38001,-0.09326,-0.19604,0.02845,0.1556,0.39644,-0.28312,0.4367,0.42966,-0.59707,0.01675,-0.16297,0.33806,-0.27984,-0.34612,-0.36106
Epilepsy,0.05126,0.7375,-0.08484,-0.336,0.12478,-0.47945,-0.12399,-0.1484,-0.08989,-0.42714,-0.49608,-0.50965,-0.63967,-0.07496,-0.23228,0.14003,-0.1077,-0.55789,-0.8794,0.62256,-1.09394,0.32885,0.71442,-0.61081,-0.49086,0.20147,0.13005,-0.58982,0.25278,0.68533
Fatty Liver,0.09242,-0.19386,0.04331,0.28854,0.17673,-1.09173,-0.05136,0.09206,0.08288,0.21109,-0.12417,-0.08414,0.08998,0.31496,0.34802,0.51618,-0.18428,0.49888,-0.18372,0.12732,0.23964,0.33471,0.27113,-0.44362,-0.45867,0.08625,0.06154,0.22428,-0.64863,-0.04761
Fibromatosis,0.59983,-0.1208,0.50455,0.30805,-0.18104,-0.23832,0.35184,0.65707,-0.04058,-0.17192,-0.66213,0.11572,-0.66092,-0.0854,0.00869,-0.22982,-0.08805,-0.18396,0.19532,0.31268,-0.07496,0.25154,0.11719,-0.65364,-0.46569,-0.82717,0.76018,-0.2117,-0.38159,-0.30299
Folate deficiency anaemia,0.16177,0.37596,0.57678,0.08669,-0.30374,-0.83701,-0.43086,-0.06586,-0.04164,0.00386,0.27657,-0.13215,0.3983,0.05741,0.30202,-0.05998,-0.0461,0.08569,0.20306,-0.06219,-0.44238,-0.16744,0.68039,-0.30359,-0.11602,0.27705,0.38269,0.40757,-0.00577,0.27766
Gastritis and duodenitis,0.34918,0.18987,0.4207,0.47245,0.02238,-0.53408,-0.15224,-0.16453,0.08139,0.22745,0.2809,0.39889,0.15362,-0.0018,-0.18237,0.27729,-0.39071,0.54035,-0.3074,-0.3708,0.05279,0.27487,0.22605,-0.52531,-0.39632,0.09993,0.21838,-0.04718,-0.34357,0.09456
Gastro-oesophageal reflux disease,0.5941,0.10264,0.13473,0.56781,0.49695,0.0094,0.15309,-0.04729,0.0212,0.16532,0.06677,0.1509,0.16586,-0.02113,-0.26602,-0.09018,-0.48664,0.88636,-0.3829,0.17611,-0.11405,0.37164,0.31059,-0.75464,-0.14039,0.10266,0.20501,-0.17703,-0.0127,0.15088
Giant Cell arteritis,-0.06373,-0.4027,0.8472,0.20253,0.08025,-0.82821,0.82328,0.09312,-0.40113,0.29089,0.12765,-0.75234,0.54761,-1.16396,-0.2175,0.56366,0.35104,-0.60119,0.24798,0.4729,-0.35028,-0.00417,0.32665,-0.62768,-0.77701,-0.02582,0.39031,-0.31109,-0.88576,0.41394
Glaucoma,0.51408,-0.45481,0.18767,0.19238,-0.3307,-0.28395,0.42995,0.20555,-0.76947,0.10168,-0.03057,0.38372,0.05892,-0.76717,0.05854,0.10846,0.42448,0.0223,-0.55208,0.64362,-0.19455,-0.61108,0.53301,-0.09478,-0.64105,-0.81115,-0.12867,-0.33023,-0.29287,0.654
Glomerulonephritis,0.22924,-0.35354,0.23192,0.06286,0.8184,-0.45376,-0.11181,-0.4988,-0.6442,0.55228,-0.3877,0.55848,0.50637,0.42338,0.11827,-0.24923,0.32377,-0.50673,0.22985,0.10895,-1.25625,0.40325,-0.90143,-1.22561,-0.27943,0.40251,-0.67373,-0.18742,-0.02945,0.05236
Gout,0.0888,-0.2306,0.6876,0.1851,0.20444,-0.74367,0.32802,-0.05896,-0.09571,0.28819,-0.65222,0.41918,0.16238,-0.00427,0.84925,0.38069,-0.52573,-0.15327,-0.14911,0.91595,-0.70701,0.1483,-0.33685,-0.57712,-0.48828,-0.38413,-0.26535,-0.25134,0.06967,-0.4669
HIV,-0.14199,-0.32791,-0.21803,0.46159,0.31639,-1.00478,-0.57291,0.19408,-0.21411,0.05777,-0.56856,0.81658,0.39451,1.34903,-0.49889,-0.24488,0.33151,-0.39733,-0.3152,0.14702,-0.41261,0.07368,-0.14456,-0.11194,-0.37097,0.05995,-0.32223,-0.31903,-0.49678,0.43769
Hearing loss,0.26138,-0.03979,0.23886,0.14473,-0.36716,0.04654,0.4182,0.27238,-0.22296,0.19158,-0.02021,0.13102,0.20763,0.17126,0.06496,-0.19416,-0.39889,-0.08582,0.4969,0.28298,-0.51218,-0.04817,0.63094,-0.12416,-0.21482,-0.19194,0.48693,-0.25304,0.51387,0.25446
Heart failure,-0.22462,0.55833,0.03279,0.26816,0.0789,-0.33383,0.56342,-0.12274,-0.21448,0.00654,-0.58551,0.27119,0.74179,-0.15748,0.43681,0.93357,-0.28242,-0.34728,0.13607,0.4096,-0.82191,-0.53766,-0.08132,-0.12485,-0.30044,-0.10995,0.24717,0.52507,-0.15277,0.54984
Hepatic failure,-0.05382,0.3103,-0.05609,-0.21762,0.59587,-1.34255,-0.29434,0.00384,-0.13907,-0.50081,-0.50592,0.52907,-0.27448,0.37323,0.27276,0.60994,0.63334,-0.30553,-0.92192,-0.20595,0.50027,0.02543,-0.35129,-0.59816,-0.85266,0.69836,0.03383,0.35643,-0.92132,0.1528
Hidradenitis suppurativa,-0.32614,-0.10464,0.06612,0.31715,0.21485,-1.12132,-0.59493,-0.44442,-0.30062,0.72209,-0.08935,0.31128,-0.06291,0.32217,-0.14574,0.18109,-0.06963,0.34865,0.66649,0.21411,-0.73414,0.05894,0.54521,-0.84648,0.53352,0.7891,0.04145,-0.99571,-0.43425,0.60339
Hodgkin Lymphoma,0.25953,0.34805,-0.15221,0.057,0.48352,0.1423,0.13287,-0.02332,0.04624,-0.25092,-1.73896,0.243,-0.14192,0.6273,-0.65506,-0.17743,0.45351,0.5211,-0.23329,0.62373,-0.56351,-0.14226,0.05349,-0.26677,-0.1963,0.40056,-1.13924,-0.02792,-1.19107,0.40006
Hyperkinetic disorders,-0.13753,0.32903,-0.6396,-0.62321,1.33368,-0.85905,-0.72663,-0.29157,-0.03833,0.48405,-1.0053,0.56219,0.27757,0.25462,0.13996,-0.69388,0.40329,0.60596,0.5026,-0.01717,-0.93022,0.6932,0.66819,-0.36105,-1.70097,0.45132,0.68648,-1.41846,0.14226,0.92645
Hyperparathyroidism,-0.09492,-0.34053,0.36766,0.55683,0.69071,-0.52616,0.26164,0.11556,-0.60691,0.49329,-0.39506,0.18687,0.76003,-0.05857,0.17299,0.16446,0.2569,-0.54013,-0.20539,-0.05591,-0.46237,0.01717,0.27661,-0.33533,0.14839,0.33082,-0.16036,0.55174,0.65022,0.03564
Hypersplenism,0.13992,0.0397,0.0237,0.22733,-0.15217,-0.46661,-0.21498,0.0464,0.22069,-0.01308,-0.70497,0.33186,0.68315,0.39538,0.33975,0.22661,0.27069,0.12901,-0.5585,-0.16006,0.27318,0.32904,-0.26475,-0.1308,-0.58536,0.74699,-0.65865,0.19466,-0.90965,0.42261
Hypertension,0.22226,-0.37672,0.23857,-0.08492,0.78669,-0.31444,0.27518,0.11197,-0.72222,-0.06863,0.03134,-0.12737,0.23505,0.09842,-0.01907,0.15579,0.16195,0.02213,-0.02636,0.49657,-0.24259,0.02791,0.15079,-0.57819,-0.60259,-0.63753,-0.26635,-0.07028,0.10292,-0.30098
Hypertrophic Cardiomyopathy,-0.81203,-0.0748,-0.22901,0.18312,0.30543,0.24668,0.54682,-0.14449,0.03163,0.78087,-0.73242,0.06713,0.3823,-0.06646,-0.09199,0.62747,-0.13005,-0.23408,-0.4606,0.5859,-0.49553,-0.08454,-0.18669,-0.91139,-1.2898,-0.03282,0.41426,0.34123,-0.4916,0.34591
Hypertrophic Nasal Turbinates,0.04923,-0.37712,-0.1521,0.44903,-0.23067,-0.47796,-0.09098,0.08533,0.42949,-0.21133,-0.50187,0.11983,0.40457,0.16666,-0.52352,-0.17204,-0.05042,0.7094,0.34275,-0.18725,-0.59192,0.26683,0.53633,-0.23413,-0.49007,-0.18596,-0.18312,-0.29471,-0.12834,0.29145
Hyposplenism,0.46303,0.30873,0.70254,0.34439,0.29109,0.06717,-0.09413,-0.23956,-0.24394,-0.30534,-1.2072,0.31925,0.29966,0.13222,-0.38054,0.10512,0.46987,-0.41689,-0.58164,-0.04799,0.0754,0.47256,-0.59446,-0.06725,-0.671,0.34807,-0.6347,-0.40291,-0.80958,-0.1539
Idiopathic Intracranial Hypertension,0.01684,0.00812,-0.43769,0.33019,0.1543,-1.02536,-0.41232,-1.51427,-1.114,0.54532,-0.35964,0.13536,0.53577,-0.06543,0.0188,-0.14229,0.02246,0.40884,0.47653,0.3461,-0.72279,0.06373,1.32349,-0.60797,-0.60766,0.63073,-0.51001,-0.78596,0.28628,-0.16406
Immunodeficiencies,0.18707,-0.45568,-0.02234,0.68518,0.28951,-0.27785,-0.51675,0.22842,0.49639,-0.14869,-0.8428,-0.11807,0.55996,0.13529,-0.00511,-0.2978,0.9353,0.03126,-0.25706,-0.21467,-0.7155,0.16908,-0.32055,-0.27733,-0.61455,0.47528,-0.22464,0.0064,-0.3005,1.4464
Intellectual disability,0.18678,0.13185,-0.37129,-0.5019,0.43359,-0.44042,-0.49366,0.32391,-0.41418,0.03499,-0.58682,0.1424,0.08014,0.1045,0.02185,0.56146,0.27433,0.28986,-0.49332,0.76817,-0.88601,-0.07929,0.60266,-0.71273,-0.73387,0.95543,0.30907,-0.56673,0.84907,1.19806
Intervertebral disc disorders,-0.22656,-0.3146,-0.31012,0.50811,0.22715,-0.31816,0.0233,0.74426,-0.25077,-0.06598,-0.36498,0.17081,0.16762,-0.3998,0.18902,-0.25088,-0.32482,0.29078,0.14986,0.01409,-0.6031,0.24559,0.76309,-0.48086,0.25123,0.30352,0.35542,-0.30884,-0.85286,-0.71031
Intracerebral haemorrhage,-0.71426,0.13992,0.33716,0.40739,0.43859,-0.3825,-0.37529,0.40648,-0.70744,-0.33962,0.12716,0.17972,0.00655,0.43011,-0.07088,0.55441,0.25797,-1.25476,-0.65032,0.5318,-0.24399,0.20575,0.34046,-0.43774,-0.86916,-0.26879,0.32948,-0.36561,-0.19691,0.40279
Irritable bowel syndrome,0.41155,0.37878,-0.24744,0.61041,0.16272,-0.58615,-0.13458,-0.12881,0.37947,0.83632,-0.06931,0.03713,0.2593,-0.28629,-0.92587,0.00059,0.246,-0.03159,-0.10527,-0.03719,-0.34725,0.06887,0.84587,-0.76209,-0.05307,-0.25629,0.09258,-0.38882,0.16857,-0.50391
Ischaemic stroke,-0.37333,0.37967,0.12605,0.84872,0.18954,-0.44672,-0.47259,0.0481,-1.02359,-0.40982,0.14406,0.10198,-0.01112,0.13461,0.34507,0.07484,-0.37314,-1.06277,-0.22913,0.41959,-0.2348,-0.39054,0.5389,-0.52726,-0.64232,-0.26386,0.38151,-0.12053,-0.02351,0.15647
Left bundle branch block,-0.26584,0.27567,-0.14449,0.19051,0.09686,-0.08879,0.71689,0.35151,-0.1644,0.34135,-0.19598,-0.00483,0.52327,-0.03324,0.11575,0.81873,-0.33815,-0.08185,0.09162,-0.15523,-0.62255,-0.51591,0.17292,-0.12281,-0.47879,-0.25907,0.30247,0.38281,-0.21441,0.16172
Leukaemia,0.37505,0.06558,0.8568,0.51469,-0.18565,-0.18454,0.61858,0.39359,-0.79082,-0.2056,-1.11765,-0.45588,1.23336,0.28843,0.03715,0.17968,1.19526,0.41329,-0.39217,0.02519,-0.61975,0.15968,-0.64027,-0.02425,-0.28108,0.06551,-0.24554,-0.63377,-0.61791,0.37634
Low HDL-C,0.0449,0.16779,0.25958,0.18007,0.02706,-0.39183,-0.17835,0.27638,-0.67146,0.2622,-0.25039,0.1054,0.44902,0.25304,-0.01213,0.30776,-0.29314,0.16935,0.12483,0.27123,-0.23798,-0.01506,0.22826,-0.39796,-0.05208,-0.28965,-0.11104,0.08975,-0.1999,0.25774
Lupus Erythematosus,-0.14393,-0.04662,0.11089,0.39715,0.68795,-0.41385,-0.21398,-0.83407,-0.72839,0.23808,-0.03828,-0.00356,-0.04513,0.32445,-0.10419,-0.38129,0.70244,-0.04921,-0.11664,-0.19339,-1.41498,0.19458,-0.04316,-1.19566,-0.4323,0.66635,-0.80671,0.2304,-0.93399,0.20547
Macular degeneration,0.78619,-0.05632,0.00281,0.33564,-0.16945,0.09695,0.57546,0.57715,-0.68969,0.07755,0.23563,0.12951,0.17276,-0.41206,0.40611,0.41986,-0.0677,-0.2409,0.52594,0.29896,-0.16135,-0.48911,0.58128,-0.33388,-0.3297,-0.31488,0.08945,0.01364,0.02868,0.46112
Meniere's Disease,0.26519,-0.09807,0.02806,0.90657,0.21342,-0.32787,0.62982,-0.28902,-0.58486,0.48861,-0.74467,-0.1278,0.08709,-0.32312,-0.12826,-0.73825,-0.69668,-0.16834,0.58638,0.42305,-0.35295,-0.29278,1.07333,-0.1753,-0.10803,-0.55191,0.60016,-0.50096,0.80024,-0.15443
Migraine,-0.82858,0.29302,0.24051,0.54711,0.04267,-0.36045,-0.11423,-0.24967,-0.66864,0.52664,-0.37611,0.05088,-0.20075,-0.14783,-0.41374,-0.29314,-0.0911,0.49711,-0.04856,-0.26957,-0.12503,0.23889,1.1533,-0.33765,-0.7722,0.11214,-0.43727,-0.6393,0.17162,-0.40786
Motor neurone disease,-0.26837,0.09303,0.34464,0.6034,0.0386,0.04442,0.37823,0.9971,-0.95719,-0.69996,-1.19678,-0.40796,-0.1445,0.24633,0.49315,-0.19071,1.27136,0.74642,-0.56184,0.08423,-0.82799,0.43694,0.15902,-0.50541,-0.47039,-0.13615,0.97931,-0.58059,-0.68017,0.63671
Multiple sclerosis,0.31541,0.21035,0.05109,-0.49981,0.48303,-0.45171,-0.24969,0.49193,-1.00986,-0.14947,-0.29866,-0.55094,-0.14227,0.11792,-0.93283,-0.94293,0.81128,0.35622,0.27082,-0.3258,0.07781,-0.60077,1.54322,-0.89529,-0.00452,-0.00133,0.44935,-0.91646,-0.89542,0.66285
Multiple valve disorder,-0.1863,0.37707,-0.0783,0.38362,0.47797,0.2522,0.43285,0.20986,-0.40856,0.14923,-0.18085,-0.03346,0.61833,-0.31419,0.38773,0.59522,-0.32016,-0.10659,0.32993,-0.25685,-0.47244,-0.54446,0.33662,-0.01835,-1.21722,-0.12812,0.00592,0.48693,-0.18483,0.13259
Myasthenia gravis,0.57682,-0.43122,0.1941,0.24753,0.32637,0.07879,0.36596,-0.56262,-0.97828,-0.42929,-1.76462,-0.84325,0.86208,-0.32021,-0.20107,-0.29042,0.30155,-0.25233,-0.45145,-0.42533,-0.07509,0.03388,0.56098,-0.4054,-0.33922,0.42007,0.2208,-0.08782,-0.20745,0.33958
Myelodysplastic Syndrome,-0.04654,0.55704,1.01529,-0.27551,-0.32178,-0.36059,0.64551,0.13913,-0.59773,-0.31839,-0.50938,0.29376,0.96112,-0.19819,0.3382,-0.05608,0.61777,0.24986,-0.35531,0.35732,-0.27999,-0.3551,-0.473,-0.47958,-0.65533,0.42005,-0.37947,0.13068,-0.60709,0.6685
Myocardial Infarction,-0.00056,0.31984,0.748,0.01682,0.94761,-0.31653,0.08865,-0.13469,-0.43055,-0.01323,-0.71604,0.70658,0.37041,-0.33497,-0.12579,0.23033,-0.76804,-0.22541,0.00349,0.1419,-0.51727,-0.13992,0.08513,0.15394,-0.15866,-1.04708,0.25667,-0.26718,-0.6207,0.73914
Neuropathic Bladder,-0.22887,0.02793,-0.39778,0.04249,0.04988,0.2374,0.04857,0.03319,-0.31242,0.18571,0.12137,-0.04418,0.67952,0.3358,-0.47788,-0.12694,0.44323,0.10242,-0.19038,-0.27216,-0.0979,-0.13614,1.26501,-0.78692,-0.08182,-0.05136,0.66923,0.09729,-0.24385,0.14614
Non-Hodgkin Lymphoma,0.36341,-0.08958,0.14285,0.35041,0.13294,0.17779,0.39088,0.40046,-0.34006,-0.05029,-1.2133,0.29756,0.41731,0.84155,-0.31894,-0.29942,0.16132,-0.06544,-0.69479,0.52923,-0.24834,-0.29891,-0.03342,-0.0757,0.03835,0.35072,-0.59307,0.21969,-0.92331,0.59111
Nonrheumatic aortic valve disorders,0.04433,0.49646,0.02152,-0.0026,0.20238,0.32445,0.36539,0.26416,-0.23102,-0.07139,-0.32464,-0.2371,0.31838,-0.00626,0.48562,0.85675,-0.31429,-0.39391,0.53371,-0.24202,-0.38284,-0.36048,0.34579,-0.73831,-0.83517,-0.14624,-0.30649,0.34889,-0.13631,0.26732
Nonrheumatic mitral valve disorders,-0.23997,0.32548,-0.20006,0.42125,-0.03119,0.10035,0.4588,0.17599,-0.07904,0.30372,-0.36062,0.01079,0.42166,-0.06193,0.0614,0.49464,-0.39541,-0.33407,0.27992,-0.3726,-0.70096,-0.52987,0.16602,-0.1755,-1.09335,-0.20203,0.0396,0.42122,-0.06261,-0.07946
Obesity,0.0209,0.02227,-0.27696,0.10977,0.01846,-0.37341,0.04428,-0.36052,-0.51516,0.06085,-0.18489,-0.03644,0.37768,0.07106,-0.07176,0.46142,-0.03002,0.32718,0.2588,0.5131,-0.26553,0.00841,0.35613,-0.56441,-0.1616,0.00251,-0.01936,-0.15627,-0.0416,-0.09857
Obsessive-compulsive disorder,0.21887,0.22366,-0.46477,-0.73974,0.64761,-0.87481,0.54224,-0.21882,0.24281,1.04152,-1.58749,0.48979,0.04033,-0.1529,-0.44767,-0.27095,0.63484,0.96414,-0.39768,0.08257,-0.53941,-0.10256,1.00786,-0.17526,-0.33314,0.24403,0.11805,-0.34381,0.10671,0.15148
Obstructive and reflux uropathy,0.0386,0.10758,-0.34303,-0.23527,0.3173,-0.12691,-0.15247,0.46811,-0.05088,0.15679,-0.03904,0.59402,1.03192,0.37358,-0.40276,0.01038,-0.15954,-0.55119,0.29172,-0.19896,-0.10821,-0.29303,0.06706,-0.59072,-0.10097,0.62544,0.15586,-0.39281,0.1332,-0.20433
Oesophageal varices,0.15181,0.29251,0.17711,-0.03793,0.31701,-1.08586,-0.12251,0.00575,-0.14475,-0.25022,-0.41547,0.68086,0.01134,0.17874,0.53403,0.70034,0.46104,-0.0728,-0.73918,-0.36524,0.86348,0.139,-0.23496,-0.68286,-0.62351,0.50213,-0.21752,0.28096,-1.26571,0.34132
Osteoarthritis (excl spine),0.02722,-0.07299,0.44162,-0.04267,0.07157,-0.17537,0.80686,-0.34085,-0.33602,-0.12202,-0.30465,-0.0203,0.08612,-0.07975,0.02903,0.43667,0.22289,0.22106,-0.15903,0.48546,-0.20841,0.11581,0.99307,-0.42044,0.02479,-0.44615,0.15177,0.1542,-0.157,-0.44709
Osteoporosis,0.03843,-0.24133,0.4737,0.26816,0.56664,-0.48046,0.52226,0.33677,-0.22984,0.10699,-0.00394,-0.18457,-0.44042,-0.36905,-0.14942,-0.07042,0.30593,-0.40893,-0.18454,-0.47448,-0.22501,-0.29611,0.54658,-0.47034,0.00596,-0.07566,0.44024,0.58346,0.199,0.32681
Other haemolytic anaemias,0.18086,0.28704,0.71346,-0.01144,-0.34495,-0.02885,-0.12181,-0.51906,-0.28105,-0.09487,-0.93956,0.33124,0.58738,0.14386,-0.01704,-0.16908,1.02044,-0.01344,-0.4454,0.1075,-0.44679,0.22087,-0.31715,-0.3082,-0.95032,0.39881,-1.03341,-0.00999,-0.45791,0.34508
Pancreatitis,0.64588,0.54998,0.37257,0.5216,0.332,-0.95725,-0.42088,0.28912,-0.11883,0.28767,-0.21941,0.55379,-0.10913,-0.3442,0.3423,0.61634,0.16109,-0.32579,-0.4272,-0.37971,0.16554,0.18815,-0.22426,-0.53154,-0.13454,0.04826,0.20872,-0.4272,-0.58467,-0.29541
Parkinson's disease,0.06504,0.45317,-0.13777,-0.06452,0.39104,0.04287,0.65551,0.59391,-0.97209,0.32966,-0.73936,0.31364,0.06453,-0.33529,1.13602,-0.46724,0.34921,-0.13839,-0.87879,0.28581,0.05809,-0.7227,1.08851,-0.58676,-0.25347,-0.05737,1.05258,-0.0775,-0.02968,-0.07535
Pericardial Effusion,-0.01613,0.36978,-0.26969,0.28233,0.49464,0.13087,0.45503,-0.00571,-0.28487,0.12305,-0.4494,-0.09739,0.26961,0.15617,0.1764,0.35683,-0.33,-0.23679,0.52993,-0.13958,-0.23714,-0.51017,-0.37332,0.07853,-0.5735,0.56153,-0.3107,0.4169,-0.38014,0.56194
Peripheral Neuropathy,-0.03014,0.43809,-0.38231,0.2824,-0.53076,-0.8623,0.60046,0.11089,-0.44606,-0.0244,-0.32067,0.06828,0.20456,0.05372,-0.21621,-0.38603,-0.04659,-0.38227,0.19617,-0.09531,-0.04193,0.38419,0.2312,-0.79012,0.19735,-0.37687,0.27982,0.32751,-0.49784,-0.12422
Peripheral Vascular Disease,0.64832,0.7345,0.43804,-0.31343,0.38959,-0.16955,0.23942,0.39574,-0.63671,-0.18463,0.32689,0.35399,0.14489,0.34277,-0.14486,0.17266,0.06464,-0.36843,0.24713,0.80025,-0.73492,0.12193,-0.08998,-0.57523,-0.28697,-0.39059,0.34744,0.2184,-1.38526,0.23216
Personality disorders,-0.08466,0.52055,-0.31769,0.40843,0.59776,-1.06484,-0.48197,-0.44052,0.03778,0.41331,-1.08987,0.32803,-0.15211,0.13733,-0.35016,0.24186,0.22354,0.23761,-0.04513,0.04116,0.09484,0.20221,1.26684,0.45237,-0.27799,0.37535,1.28906,-0.48499,-0.06998,0.31733
Plasma Cell Malignancy,0.42901,0.14627,0.56333,0.40242,0.17498,-0.55055,1.05073,0.23315,-1.29539,-0.5645,-1.42703,-0.54761,1.15024,0.01257,-0.01752,-0.13649,0.91649,-0.20613,-0.31691,0.05777,-0.54993,0.05428,-0.61491,-0.01676,-0.17511,0.2931,-0.00042,-0.2431,-0.24872,0.04365
Pleural effusion,0.16429,0.53814,-0.06311,0.2208,0.14119,-0.01216,0.77593,0.18018,-0.24401,-0.16303,-0.44061,0.08676,0.03759,0.4418,0.2441,0.4486,-0.49631,-0.33064,0.41163,-0.05991,0.02447,-0.37452,-0.48217,0.11892,-0.35892,0.53181,0.03795,0.23435,-0.51898,0.54063
Pleural plaque,0.14805,0.13252,-0.11885,0.01582,0.0846,-0.16417,0.95392,0.22853,0.16371,-0.11905,-0.12609,-0.241,0.53666,0.3228,1.06845,-0.01007,-0.46968,-0.21539,0.35484,0.11984,0.05515,0.06932,-0.12625,-0.60358,-0.51647,-0.34694,0.67954,-0.23888,-0.60474,0.63565
Polycystic ovarian syndrome,0.02417,0.76455,-0.30471,-0.23519,0.27673,-0.94047,-0.72983,-0.57718,-0.25568,0.58706,-0.61009,0.0333,0.04774,-0.04158,-1.04374,0.05652,0.18402,1.08258,0.74806,0.41818,-0.67187,-0.04265,0.78411,-0.82406,-0.74588,0.7943,-0.29968,-0.77496,-0.44784,-0.22029
Polycythaemia vera,0.34817,0.17179,0.0676,0.6727,0.39229,0.06918,-0.32217,0.56342,-0.2897,0.55906,0.18774,-0.04553,0.14151,0.53896,1.08186,0.31357,0.44643,-0.02114,-0.36472,0.49052,-0.5394,-0.15201,-0.23649,-0.53933,-0.49886,0.02601,-0.23665,-0.66482,-0.86041,0.05721
Polymyalgia Rheumatica,0.04242,-0.25618,0.74751,-0.16967,0.45568,-0.30325,0.8266,0.36173,0.10444,0.4182,-0.23642,-0.4288,0.69667,-1.21219,-0.20112,0.15596,0.02944,-0.42796,0.47632,1.15828,-0.30618,0.01513,0.61425,-1.05095,-0.53929,0.17361,0.50198,0.21014,-0.48432,0.21575
Portal hypertension,0.2595,0.25393,0.14975,0.11694,0.44956,-1.21172,-0.16499,-0.14295,-0.00948,-0.26131,-0.52555,0.57224,0.09038,0.15103,0.58059,0.61122,0.30456,-0.10122,-0.78757,-0.32298,0.6799,0.1849,-0.56521,-0.59516,-0.71058,0.66678,-0.2431,0.22442,-1.14342,0.38081
Posterior Uveitis,0.2804,-1.1323,-0.53993,0.1852,-0.26731,-0.5132,0.15468,-0.08179,-0.73147,0.3373,-0.0228,0.39575,0.36835,-0.22725,-0.28848,0.14304,0.44891,0.06988,-0.28276,-0.12395,-0.41775,-0.34061,0.34254,-0.0752,-0.75159,0.07006,-0.78521,-0.55469,-0.55203,0.60661
Primary Malignancy_Biliary Tract,0.83791,-0.16386,1.20916,0.04808,0.94452,-0.64951,0.12777,0.29686,-0.45785,-0.44638,-1.29705,0.54498,-0.12955,-0.31675,-0.26431,0.87894,0.07078,-0.43242,0.06845,0.70971,0.84923,-0.33083,-0.47219,0.25643,-0.54749,0.34619,0.01589,-0.59857,-0.68513,0.27203
Primary Malignancy_Bladder,0.37162,0.04416,0.24047,0.14313,0.52162,-0.03249,0.11894,0.65939,-0.73022,-0.05281,-0.32956,0.87756,0.73543,0.44123,0.30979,-0.20752,-0.047,-0.07274,0.83977,0.51824,0.11945,-1.01677,0.01758,-0.45292,-0.01788,-0.32407,0.43985,-0.38272,-0.54308,-0.37157
Primary Malignancy_Bone,0.11166,0.07498,0.43702,-0.50824,0.41349,-0.51183,0.93767,0.2942,-0.36974,-0.71582,-1.82928,-0.01713,-0.2845,0.41602,-0.90124,-0.20066,0.20358,0.62386,0.09315,0.98294,-0.32775,-0.02589,-0.203,-0.07216,-0.2412,0.73348,-0.43156,-0.28451,-0.54341,-0.17589
Primary Malignancy_Bowel,1.07431,0.62126,0.4559,-0.26735,0.06985,-0.54022,0.57906,-0.09011,-0.43843,-0.04901,-0.77447,0.03045,0.09598,0.185,-0.67554,0.37634,-0.07876,-0.94701,0.08848,0.65538,0.58379,-0.65939,0.11402,-0.59121,-0.32467,-0.26961,0.182,-0.52074,0.02355,-0.34414
Primary Malignancy_Brain,0.13082,-0.13275,-0.02387,0.52891,-0.27715,-0.30427,-0.18804,0.42037,-0.70828,-0.50156,-1.2884,-0.52294,-0.54364,0.37511,-0.0509,-0.41871,0.22514,-0.55909,-0.33283,1.32545,-0.00982,-0.16102,0.85018,-0.10469,-0.53317,0.77011,-0.06061,-1.08492,0.05314,0.65882
Primary Malignancy_Breast,-0.15941,0.26397,0.31998,0.71852,0.54228,-0.82729,1.01861,0.45345,-0.96385,0.415,-0.11884,-0.19308,-1.05572,0.0429,-0.52762,0.4078,0.56524,0.26261,0.47327,0.66072,-0.16034,-0.70305,0.19561,-0.52508,0.33908,0.26106,-0.21318,-0.04595,-0.00047,0.06145
Primary Malignancy_Cervix,0.30005,0.11564,0.22728,-0.18902,0.8276,-0.70429,0.04646,-0.24453,-0.71901,0.37768,-0.04383,0.12106,0.06259,0.58531,-1.23406,0.15104,0.2226,-0.49878,1.05984,0.08834,-0.21906,-0.4881,0.58638,-0.43818,0.59933,0.59279,0.06647,-0.83841,-0.44755,-0.25743
Primary Malignancy_Kidney,0.62858,-0.17711,0.40904,0.27487,0.9921,-0.15059,0.26049,0.26058,-0.70631,0.03245,-0.68281,0.51589,0.90025,0.3053,0.06806,0.00343,-0.51967,-0.3591,0.44288,0.79561,0.29469,-0.30478,-0.38405,-0.00891,0.02565,0.56791,-0.00713,-0.62817,-0.07056,-0.06962
Primary Malignancy_Liver,0.56452,-0.05368,0.09754,0.08054,0.83635,-0.89681,0.09743,0.393,-0.51378,-0.77522,-0.89024,1.00458,0.04754,0.17949,0.232,0.8391,0.34799,-0.1538,-0.2783,0.57681,1.07594,-0.33312,-0.5109,-0.00808,-0.62377,0.40561,-0.19148,0.13764,-1.04041,0.28272
Primary Malignancy_Lung,0.8665,0.43269,0.2599,0.4026,0.67787,-0.4048,0.55785,0.43935,-0.47228,-0.46479,-0.42253,-0.39783,-0.09772,0.63297,-0.08891,0.00636,-0.53314,-0.27922,0.79291,0.86562,0.22953,-0.45701,0.01508,0.24597,-0.16846,0.48008,0.64644,-0.10855,-0.79997,0.77048
Primary Malignancy_Melanoma,-0.38666,-0.11515,0.0457,0.33791,0.34448,0.42179,0.80887,0.90145,-0.31244,0.50738,-0.91269,0.26557,-0.02982,0.35727,-0.42895,-0.23013,0.04607,-0.30802,0.01571,0.80248,0.51916,-0.16982,0.26819,-0.50907,-0.34886,-0.12092,-0.04577,-0.68967,0.10965,0.18915
Primary Malignancy_Mesothelioma,0.6554,0.48214,-0.00214,0.13198,0.71896,-0.1248,1.06964,0.20049,-0.97266,-1.41932,-1.12366,0.01435,-0.03497,0.50237,-0.29086,0.00761,-0.42564,0.80163,0.33407,1.32316,0.34868,-0.2966,-0.61082,-0.00131,-1.43031,0.5543,0.18051,-0.27025,-0.79653,0.3542
Primary Malignancy_Multiple Sites,0.49796,0.12839,0.6935,-0.00764,0.1247,-0.12911,0.51087,0.45927,-0.6524,-0.40158,-0.33342,0.33458,-0.35436,0.67499,-0.85982,0.47897,-0.3611,-0.64577,0.37108,0.89561,0.55513,0.22647,-0.40901,-0.86174,0.32241,0.10605,-0.55781,-0.95741,0.11867,-0.42445
Primary Malignancy_Oesophageal,1.22543,0.64582,0.63798,-0.00448,0.74133,-0.10534,0.81731,-0.11154,-0.42241,-0.07529,-1.04394,-0.00385,-0.59894,-0.11617,0.69772,-0.29425,-0.45831,0.24556,0.10886,0.69359,0.56569,-0.25555,-0.49909,-0.49754,-0.82914,0.38587,0.43165,-0.20193,-0.20203,0.54919
Primary Malignancy_Oropharyngeal,0.72366,0.05773,1.27375,0.35533,0.39546,-0.51535,0.22288,0.5464,-0.46594,-0.54355,-1.24701,0.32285,-1.00568,0.45267,0.17444,-0.62539,0.12326,0.26649,-0.19689,0.93998,0.16986,-0.16968,-0.18623,-0.10785,-0.17779,-0.36683,0.08453,-0.61984,-0.92031,0.19848
Primary Malignancy_Ovary,0.27972,0.11962,0.09446,-0.17279,1.03561,0.09104,0.79369,0.05796,-0.92269,0.26417,-0.75003,-0.01401,0.24524,0.10824,-1.16991,0.6194,0.20611,-0.36316,0.51353,0.33733,0.63071,-0.16257,0.63864,0.1464,-0.43933,0.79103,-0.4845,-0.26313,-0.30341,0.05499
Primary Malignancy_Pancreas,0.43566,0.05155,0.958,0.23708,0.99426,-0.3566,0.28329,0.47147,-0.97234,-0.39936,-1.20976,0.43648,0.18317,-0.58654,0.06005,0.78706,0.00975,-0.41879,0.2071,0.29454,1.0248,0.04661,-0.46095,-0.01453,-0.33445,0.69665,0.42598,-0.80264,-0.53091,0.19868
Primary Malignancy_Prostate,-0.09698,-0.42048,0.46259,-0.57177,0.09178,-0.58522,0.5075,0.79314,-0.66372,-1.06159,-0.73918,0.24601,0.62489,0.28818,0.00504,0.24516,-0.56288,0.21068,-0.14412,0.48475,-0.08501,-1.07403,-0.02428,-0.90222,-0.55166,-0.24449,0.74506,-0.58552,-0.19523,-0.06086
Primary Malignancy_Skin,0.03911,-0.06058,0.42062,0.28253,-0.03241,0.12484,0.80073,0.99455,0.04799,0.39729,-0.36066,-0.16101,0.25211,0.65661,0.28556,-0.20802,-0.07741,-0.332,-0.01695,0.42112,-0.04358,-0.16565,0.46041,-0.57603,-0.04861,-0.38352,-0.13226,-0.24446,-0.10359,0.37267
Primary Malignancy_Stomach,1.3216,1.04778,0.86022,-0.21474,0.51313,-0.21156,0.3769,0.27672,-0.73247,-0.71647,-0.7516,0.05729,0.07126,-0.48923,0.5379,-0.22782,-0.36169,0.27138,0.30329,0.60253,0.22231,-0.36017,-0.07575,-0.24573,-0.56789,0.55926,-0.08952,-0.40313,-0.40969,0.02703
Primary Malignancy_Testis,0.47758,-0.16175,-0.48468,-0.12449,0.72884,-0.30573,0.5646,0.28334,0.05613,0.4599,-1.29419,0.69548,-0.15546,0.74626,-0.50847,0.18502,-0.45969,-0.02512,-0.2659,0.8347,-0.25592,0.43059,-0.62156,-0.59078,-0.29602,0.01781,-0.03295,-1.76187,-0.56989,0.3798
Primary Malignancy_Thyroid,0.79875,-0.34312,0.3635,1.03496,0.65244,0.01301,-0.4198,0.67907,-0.68898,-0.22143,-1.69688,0.00112,-0.18431,0.15607,-0.36695,-0.30979,0.68439,0.46054,0.02479,0.81032,0.30298,-0.3666,0.32501,-0.20423,-0.53966,0.55078,-0.32072,-0.21355,0.21812,-0.35826
Primary Malignancy_Uterus,0.35583,-0.03492,-0.00942,0.16641,0.77215,-0.0123,0.62756,0.21608,-0.98707,0.68781,-0.24662,-0.0725,0.35211,0.01379,-0.43484,0.84613,0.2715,-0.2054,0.49813,0.83282,0.60059,-0.50174,0.84713,0.02677,-0.23929,0.60053,-0.47894,-0.37966,-0.00792,-0.11803
Primary Malignancy_other,0.82073,0.19985,0.48716,0.40117,0.75606,0.08771,0.29783,0.58571,-0.16871,-0.36204,-1.04683,0.12208,0.26177,0.36063,-0.47232,-0.00085,-0.11356,-0.51535,0.10234,0.77884,0.04904,-0.12196,0.05926,0.08084,0.26806,0.20053,-0.65316,-0.59088,-0.36725,0.1044
Primary Thrombocytopaenia,-0.10817,-0.01532,0.44332,0.00568,-0.04897,0.17541,-0.40015,0.11578,-0.19898,-0.11572,-0.56983,0.2922,0.54885,0.16033,-0.03044,0.17153,1.13932,0.2751,-0.81709,-0.01281,-0.33654,0.06458,-0.17434,-0.54686,-0.94322,0.45131,-0.72733,-0.09009,-1.08536,0.34628
Primary pulmonary hypertension,0.09355,0.14685,-0.54914,0.70805,0.25034,0.04902,0.01342,-0.26409,-0.23697,-0.01398,-0.26976,0.26468,0.47947,-0.15679,0.88041,0.70417,0.09467,-0.20348,0.07144,0.12794,-0.73886,-0.49536,-0.23067,-0.32558,-1.07736,0.52237,-0.14232,0.73186,-0.34601,0.52671
Psoriasis,-0.04132,-0.04714,-0.36343,-0.20261,0.48511,-0.56818,-0.30767,0.00196,0.34991,0.43288,0.04348,0.75825,-0.79324,0.00024,-0.04449,-0.16292,-0.76803,-0.1195,0.45671,0.74046,-0.07493,-0.47666,1.16497,-0.68162,-0.33807,-0.40591,0.07203,0.00726,-0.25155,0.03498
Psoriatic Arthritis,0.00674,-0.20389,-0.49871,-0.24812,0.98879,-0.79835,-0.12733,-0.39017,0.0249,0.65187,-0.4985,0.79115,-0.96098,-0.21449,0.09398,-0.27553,-0.98461,-0.28812,0.67834,0.98751,0.0681,-0.4533,1.48928,-0.96158,-0.63808,-0.11606,0.09927,0.30772,-0.63577,0.13878
Pulmonary Fibrosis,0.12704,-0.45959,-0.02205,0.44452,0.262,0.13867,0.1581,0.24519,-0.00939,0.03279,-0.25785,0.15069,0.2656,-0.01316,1.06632,-0.0431,-0.06512,0.24313,-0.09916,0.12431,-0.32375,-0.51039,0.02786,-0.88423,-0.29887,0.24289,0.33353,0.51794,-0.79077,1.17494
Raised LDL-C,0.21104,-0.55643,0.30946,0.00045,0.29757,-0.15955,0.15544,0.3544,-0.34399,0.38527,-0.18981,-0.26355,-0.0364,0.27151,-0.27229,0.26914,-0.18256,0.09285,-0.06961,0.11852,-0.32429,0.07629,0.24118,-0.47774,-0.3795,-0.23782,0.14544,-0.1558,-0.05909,-0.16635
Raised Total Cholesterol,0.18274,-0.43571,0.29145,0.02009,0.22629,-0.21148,0.12035,0.31033,-0.38291,0.32374,-0.17816,-0.1752,-0.00459,0.20015,-0.2219,0.24654,-0.13379,0.03284,-0.01372,0.12682,-0.26683,0.08271,0.2413,-0.49792,-0.29299,-0.23758,0.17606,-0.07907,-0.01819,-0.12581
Raised Triglycerides,0.1506,-0.17376,0.31996,0.06204,0.1918,-0.38141,0.01423,0.35109,-0.51119,0.3334,-0.28391,-0.11446,0.24247,0.21722,-0.03322,0.30528,-0.35525,0.02824,0.04591,0.27269,-0.29126,0.06317,0.15699,-0.47547,-0.10127,-0.35897,0.03416,-0.09922,-0.16108,0.02453
Raynaud's syndrome,0.14988,0.18124,0.02098,-0.11768,-0.01343,0.21441,0.24528,-0.21967,0.07365,0.39325,-0.00068,-0.0673,-0.19573,0.28738,-0.26736,-0.50999,0.23952,0.15143,0.18664,-0.30615,-1.10217,0.1582,0.51076,-0.62843,-0.64295,0.21706,0.2093,0.18735,-0.57934,-0.30898
Retinal vascular occlusions,0.3696,-0.40009,0.37574,0.4979,-0.29241,-0.01131,0.48211,0.33429,-1.04985,0.20132,0.16402,0.06376,0.45829,-0.33762,0.56518,0.30951,0.57211,0.04998,0.19279,0.11746,-0.21704,-0.16761,0.0049,-0.15767,-0.88612,-0.49246,-0.1461,-0.3707,-0.39846,0.27046
Rheumatic Valve Disorder,-0.09642,0.49747,-0.38695,0.59156,0.45231,0.30265,0.02613,-0.1734,-0.38022,0.22895,-0.45301,0.21009,-0.09877,-0.36722,0.40795,0.70307,-0.10192,-0.22247,0.3669,-0.08558,-0.54407,-0.73497,0.45323,-0.56966,-1.55459,-0.28325,-0.2418,0.62636,-0.33611,0.39653
Rheumatoid Arthritis,-0.57706,-1.00887,0.70083,0.0225,0.56752,-0.16148,0.37205,-0.72403,-0.71564,-0.02318,-0.40954,0.24514,-0.23456,0.24472,0.37591,-0.53716,0.15451,0.07349,0.5534,0.16904,-0.07024,-0.07333,0.52601,-0.52887,-0.55758,0.17168,0.08699,0.71954,-0.80988,0.8823
Right bundle branch block combinations,0.02723,0.27877,-0.28003,0.19147,-0.1111,0.10564,0.2659,0.36005,-0.03987,0.21526,-0.06106,-0.03308,0.47473,0.13475,0.39822,0.42551,-0.37427,-0.15469,0.19904,-0.24381,-0.36685,-0.35348,0.29138,-0.08952,-0.58293,-0.20859,0.37892,0.05167,-0.1091,0.17033
Rosacea,0.20372,-0.21887,-0.05869,0.23266,-0.48189,-0.29252,-0.00801,0.24513,0.13904,0.58602,-0.21315,-0.01092,-0.35174,0.48148,0.1599,-0.41005,0.38965,0.5477,-0.14491,0.3697,-0.54522,-0.52647,0.54901,-1.36164,-0.32662,-0.21922,-0.04968,-0.25998,-0.15183,-0.42308
Sarcoidosis,0.28777,-1.03759,-0.89119,0.91353,0.11247,-0.56968,0.15569,-0.34165,-0.48857,0.20141,-0.99212,0.06037,0.11592,-0.35776,-0.04097,0.03734,-0.04268,0.01953,-0.80815,0.06659,-0.36927,-0.25496,0.08831,-0.84937,-0.31377,0.20385,-0.64059,0.04365,-0.16743,0.37849
Schizophrenia,0.51986,0.48927,-0.02137,-0.09341,0.86937,-0.72965,-0.22451,-0.69536,-0.73749,0.6275,-0.82239,0.13752,-0.21368,1.29154,-0.17305,0.59509,0.75967,0.41548,-0.44208,0.19673,-0.03436,-0.57271,0.3454,-0.24568,-0.56096,-0.42328,0.25841,-0.43294,0.52804,1.01996
Scleritis and episcleritis,-0.06528,-1.09906,0.17531,0.06094,-0.40257,-0.43121,0.22729,-0.34759,-0.13499,0.68837,0.02009,0.1916,0.11299,-0.14907,-0.18251,-0.03544,0.12103,0.23412,0.0182,-0.07916,-0.51584,-0.27824,0.49166,-0.64557,-0.23666,0.16143,-0.55957,-0.53432,-0.48557,0.36404
Scleroderma,0.52302,0.09037,-0.10147,-0.00901,0.66203,0.21046,0.40169,-0.0734,-0.25525,0.50296,-0.12376,-0.13308,-0.20708,-0.09625,0.05782,-0.19004,0.62301,0.63325,-0.19604,-0.4212,-1.0383,-0.17851,-0.19666,-1.17477,-0.95555,0.69857,-0.20917,0.7265,-1.03849,0.32867
Seborrheic dermatitis,-0.176,0.07764,-0.02399,0.03437,-0.25646,-0.25832,-0.3876,0.29018,0.30979,0.39601,0.11797,0.69638,-0.30745,0.42587,0.08287,-0.16312,0.27117,0.35659,-0.07838,0.29762,-0.65884,-0.24232,0.91809,-0.95618,-0.1584,-0.48206,-0.00435,-0.404,0.03653,-0.01259
Secondary Malignancy_Adrenal Gland,0.74346,0.41703,1.1438,-0.9355,0.59294,-0.15114,0.71091,0.41778,-0.63673,-0.47158,-0.93836,-0.00204,-1.0709,0.65645,-1.02364,0.04317,-0.54228,-0.1236,0.34857,1.60753,0.08765,-0.43712,-0.67118,-0.03693,-0.20756,1.07691,-0.29007,-1.10861,-0.45621,-0.51131
Secondary Malignancy_Bone,0.157,-0.06706,0.3322,0.132,0.60107,-0.83408,1.17545,0.81656,-1.25416,-0.96105,-0.89954,0.06264,-0.14554,0.32876,-0.49351,0.25807,-0.21824,0.37383,0.29848,0.84557,0.37894,-1.21014,-0.65868,-0.2681,0.05683,0.96951,0.18462,-0.62609,-0.18293,0.01661
Secondary Malignancy_Bowel,0.6205,0.28744,1.06365,-0.9013,0.65128,-0.1357,0.37086,0.27824,-0.5448,-0.3567,-0.75178,0.20619,-0.42882,0.82515,-1.1934,-0.0781,-0.40968,-0.43333,0.6385,1.29805,0.22642,-0.25885,-0.58182,-0.43315,0.14504,0.70413,-0.35802,-1.1681,-0.56622,-0.73452
Secondary Malignancy_Brain,0.42089,0.30325,0.10742,0.47041,0.90631,-0.31538,0.92601,0.59261,-1.06174,-0.51325,-0.86124,-0.33842,-0.50961,0.8603,-0.62307,-0.0257,-0.16654,-0.40669,0.47366,1.58965,0.58416,-0.61264,-0.1833,-0.13228,-0.02579,0.80419,0.05895,-0.78037,-0.35094,0.51199
Secondary Malignancy_Liver,0.89099,0.51679,0.47856,0.08601,0.46751,-0.53265,0.93021,0.30859,-0.64667,-0.17269,-0.92437,0.05658,-0.32228,0.18663,-0.59285,0.39376,-0.28087,-0.49956,0.51498,0.67295,1.01955,-0.71606,-0.39035,-0.231,-0.07056,0.49686,-0.00925,-0.59154,-0.25927,-0.00471
Secondary Malignancy_Lung,0.91091,0.30692,0.33285,0.02343,0.78607,-0.3346,0.93467,0.49901,-0.71914,-0.25609,-1.01793,0.19293,-0.20066,0.44154,-0.73243,0.2799,-0.12877,-0.37311,0.4154,1.25806,0.74805,-0.79733,-0.58855,-0.16146,0.11428,0.69261,-0.08707,-0.7818,-0.23552,0.03507
Secondary Malignancy_Lymph Nodes,0.38838,0.01029,0.29835,0.34942,0.41521,-0.35649,1.08559,0.76817,-0.50936,-0.36541,-1.01315,0.11402,-0.4966,0.48425,-0.63528,-0.02232,-0.11763,0.06077,0.3843,0.98306,0.67623,-0.74338,-0.54551,-0.35312,0.3254,0.50904,-0.20754,-0.6821,-0.33888,-0.13146
Secondary Malignancy_Peritoneum,0.87575,0.48541,0.95494,-0.49025,0.95156,-0.22279,0.81743,0.35008,-0.74085,-0.25068,-1.18238,0.53631,-0.27806,0.36466,-0.95988,0.40549,-0.03589,-0.11926,0.13884,1.37536,0.64384,-0.51936,-0.82615,0.11901,-0.15611,1.25661,-0.46168,-0.88038,-0.55873,-0.20278
Secondary Malignancy_Pleura,0.75379,0.33054,1.04306,-1.17661,0.83866,-0.00962,0.56815,0.25394,-0.91254,-0.73647,-0.85063,0.2394,-0.98552,1.08375,-1.15604,0.37387,-0.33064,-0.67414,0.3338,1.82368,-0.06499,-0.45457,-0.3961,0.05863,0.3944,1.11735,-0.40566,-1.21365,-0.64015,-0.50307
Secondary Malignancy_other,0.41345,0.23969,0.31764,0.05923,0.47024,-0.54947,0.90629,0.81586,-0.88285,-0.58775,-0.92758,0.0977,-0.24453,0.35679,-0.62403,0.29448,-0.43037,-0.0727,0.33645,0.74302,0.66497,-1.06751,-0.46535,-0.28009,0.041,0.81193,0.07303,-0.71102,-0.29651,0.08087
Secondary Thrombocytopaenia,-0.02141,0.2115,0.30781,-0.0631,-0.36065,-0.29963,-0.17482,0.2407,-0.06912,-0.29715,-0.43021,0.27122,0.34432,0.37223,0.13439,0.1984,0.37508,0.11942,-0.76594,-0.01564,-0.20569,-0.11548,-0.05131,-0.22605,-0.62345,0.34688,-0.64794,0.44344,-0.95445,0.28381
Secondary polycythaemia,0.61165,-0.12976,-0.24437,0.65509,0.46057,-0.33338,-0.73385,0.17597,0.09259,0.22904,0.27453,0.07934,0.01567,0.61572,0.92454,0.30846,-0.12927,-0.19768,-0.00856,0.65229,-0.67018,-0.29311,-0.0163,-0.47639,-0.61507,0.1013,0.10012,0.02245,-0.71394,-0.00181
Secondary pulmonary hypertension,0.18795,-0.0438,-0.67077,0.58641,0.38175,0.05915,0.03359,-0.39429,-0.25201,-0.09237,-0.29402,0.15047,0.50418,-0.08084,0.8814,0.70359,0.17145,-0.2457,-0.0184,0.09229,-0.82654,-0.60271,-0.32397,-0.27176,-0.80786,0.58671,0.04303,0.70249,-0.38074,0.47349
Sick sinus syndrome,0.14156,0.43983,-0.21799,0.47154,0.10953,0.28983,0.50345,0.61215,-0.03655,0.12946,-0.22431,-0.2697,0.41995,-0.2666,-0.21705,0.61556,0.22556,-0.1854,-0.3987,0.27579,-0.54169,-0.29855,0.43849,-0.15751,-1.13238,-0.47624,0.49699,0.46338,-0.16068,-0.08613
Sickle Cell Disease,-0.46732,-0.24525,0.1929,0.69092,0.0246,-0.55676,-0.7212,-0.93288,-1.15208,-0.1595,-1.45026,0.92176,0.63143,0.23239,0.29558,0.06055,1.15608,-0.31686,-0.0218,0.20557,-0.92691,0.48352,-0.01955,-0.13772,-1.85367,0.45637,-0.85049,-0.54904,-0.04854,0.68869
Sjogren's Syndrome,-0.11464,-0.55588,0.05284,0.75947,0.30928,0.009,0.15196,-0.40999,-0.45178,0.40407,-0.14477,0.12748,-0.02812,0.12435,-0.05918,-0.69804,0.36031,0.28731,-0.02122,-0.17226,-0.62616,-0.05852,0.54321,-0.93987,-0.36804,0.23621,-0.46343,0.9051,-0.7734,0.30567
Sleep apnoea,-0.08975,-0.24349,-0.44655,0.52421,-0.01292,-0.23266,-0.17898,-0.56124,-0.13066,-0.01258,-0.41411,-0.00269,0.81536,0.22414,0.31606,0.13214,-0.24271,0.42263,-0.21455,0.67057,-0.52924,0.25658,0.42491,-0.50008,-0.46462,-0.19348,0.1949,-0.10656,-0.40854,0.1142
Spina bifida,-0.40302,0.02575,-0.82573,-0.509,0.71503,-0.45173,0.215,0.13251,-0.2499,0.29292,0.11513,0.13323,0.77277,0.34639,-0.46818,-0.05684,0.27567,-0.25406,-0.38486,-0.31867,-0.40771,0.74848,0.61557,-1.32107,-0.18225,0.66604,0.32198,-0.9721,-0.30734,0.07502
Spinal stenosis,-0.10852,-0.06529,-0.07033,0.28114,0.43722,-0.03966,0.56607,0.7722,-0.60251,-0.3824,-0.07457,0.25814,0.47233,-0.36704,0.58947,-0.13093,-0.13524,0.42831,0.36122,0.38992,-0.41909,0.24804,0.76407,-0.27813,-0.11528,0.14777,0.45849,0.27583,-0.88879,-0.40879
Spondylolisthesis,-0.3096,-0.35664,-0.25845,0.17306,0.43601,-0.137,0.63276,0.76599,-0.32945,0.06738,-0.06096,0.15945,0.34505,-0.3229,0.51213,0.04383,-0.04373,0.45591,0.3212,-0.1198,-0.48331,0.27579,0.85418,-0.36189,-0.04707,0.41211,0.24364,0.05728,-0.64051,-0.39407
Spondylosis,-0.12209,-0.22863,0.08647,0.53294,0.17522,-0.4221,0.1928,0.516,-0.2058,-0.06956,0.16548,0.12122,0.41541,-0.35875,-0.05557,0.2083,-0.19146,0.02871,0.17438,0.09334,-0.65386,0.24396,1.0068,-0.32797,0.21057,-0.31829,0.27328,-0.15378,-0.62024,-0.53431
Stable Angina,0.05831,0.88003,0.36643,-0.09499,0.38172,0.06082,0.54591,0.03443,-0.54676,0.31787,-0.36759,0.08898,0.3461,-0.43769,0.30525,0.30502,-0.61964,-0.05239,0.16032,-0.15383,-0.63608,-0.38212,0.39979,-0.73052,-0.03421,-1.10356,0.25865,-0.23028,-0.60814,0.14228
Stroke_not otherwise specified,-0.26947,0.40933,0.50225,0.84884,-0.07782,-0.17655,-0.30867,0.16071,-1.04974,-0.2039,0.29484,-0.09084,0.10337,0.29189,0.3657,0.23342,-0.14429,-0.76731,-0.28696,0.52412,-0.32121,-0.06123,0.31079,-0.49559,-0.66308,-0.31027,0.51891,-0.14337,-0.03907,0.32032
Subarachnoid haemorrhage,-0.66467,-0.24782,0.54287,0.04539,0.51979,-0.64339,-0.21272,-0.26339,-0.60759,-0.18984,0.12636,-0.0885,-0.10465,0.74183,-0.72582,0.47893,0.20889,-1.15165,0.03694,0.3442,-0.43038,0.20388,0.5546,-0.03739,-0.64933,-0.08617,0.25704,-0.52255,-0.32452,0.17765
Substance Misuse,0.50664,0.64332,-0.72929,0.46901,1.06718,-0.91231,-0.25253,-0.72665,-0.91672,-0.21235,-0.89362,0.92207,-0.7184,0.72997,0.40168,-0.28078,0.85547,0.27489,0.03516,0.05844,-0.46985,0.06795,0.42208,0.28208,-0.25742,0.07518,0.35549,-1.17203,-0.87276,0.14357
Supraventricular tachycardia,-0.00071,0.23702,-0.42255,0.53967,0.23583,0.05178,0.21925,-0.09066,-0.11194,0.19647,-0.56218,-0.25685,0.04766,-0.14942,-0.70184,0.37976,0.30097,0.04969,0.1938,-0.15929,-0.02855,-0.53735,0.35259,-0.27679,-1.31291,-0.55628,0.2423,0.2617,-0.70898,-0.2021
Thalassaemia,-0.30383,-0.1624,0.69062,-0.05465,-0.19286,-0.56191,-0.39664,-0.26542,-0.52013,-0.12777,-0.75706,0.61923,0.62065,-0.15593,-0.30834,0.07131,0.45173,0.06648,-0.13434,-0.49103,-0.34786,0.49623,0.19892,-0.33118,-0.63275,0.36684,-0.91953,-0.12651,-0.0569,0.24274
Thrombophilia,-0.15261,-0.00202,0.20043,0.43654,-0.16927,0.01215,-0.39993,-0.63588,-0.51468,0.25372,0.21003,-0.05904,-0.02567,0.4731,-0.22074,0.09391,0.32869,-0.4293,0.22846,-0.14035,-0.48558,0.19215,0.10408,-0.74577,-0.58937,0.84588,-0.14673,-0.62106,-0.78025,-0.22738
Thyroid Disease,0.45891,-0.18325,0.79904,0.35217,0.57202,0.09608,-0.64618,-0.18089,-0.59905,0.02206,-0.52709,0.28261,-0.13358,-0.45286,-0.6168,0.16864,0.45626,0.41236,-0.0486,0.48393,-0.79489,-0.57484,0.5765,-0.27558,-0.0835,0.07812,-0.06175,0.32549,0.03591,-0.26523
Tinnitus,0.39604,-0.15224,0.25081,0.31854,-0.30297,-0.32322,0.44533,0.00366,-0.37801,0.4332,-0.294,0.07938,0.01306,0.32244,-0.22075,-0.5083,-0.52215,0.2386,0.49853,0.18509,-0.53966,0.07583,0.70875,-0.0124,-0.33572,-0.47424,0.32303,-0.39664,0.31658,-0.10858
Transient ischaemic attack,-0.2979,0.36188,0.88676,0.89586,0.16831,-0.02871,-0.15059,0.11897,-0.80303,-0.16537,0.06366,-0.25148,0.07188,0.03469,0.55347,0.16171,0.07833,-0.5048,-0.00248,0.4472,-0.28502,-0.16046,0.49487,-0.69923,-0.72706,-0.59644,0.50818,-0.32712,-0.10014,0.15009
Trigeminal neuralgia,0.28831,0.27064,0.22953,0.41354,-0.2112,-0.33558,0.10973,0.1354,-0.17787,0.04049,-0.15549,-0.71347,-0.30382,0.03967,-0.55965,-0.1859,0.20186,0.21186,0.50491,-0.02187,0.26327,-0.45019,1.2083,-0.25609,-0.83099,-0.89861,0.15369,-0.27209,-0.96965,0.19349
Tubulo-interstitial nephritis,0.12891,-0.58665,0.10304,0.01687,0.74304,-0.15428,0.01205,-0.4974,-0.80413,0.68792,-0.5962,0.79905,0.94981,0.46699,0.50251,-0.31062,0.10968,-0.43481,-0.41283,-0.24733,-0.39099,-0.16392,-0.35727,-0.39151,-0.14364,0.49368,-0.77122,0.09425,0.11327,0.18825
Type 1 Diabetes Mellitus,0.56174,0.10562,-0.39736,-0.08959,0.16265,-0.43554,-0.4655,0.02895,-1.44294,0.33387,-1.08705,0.9976,-0.45588,-1.1388,-0.86579,-0.45456,0.57801,-0.4322,0.44775,-0.01472,-0.36405,0.30561,-0.54793,-1.00502,-0.86296,-0.12725,0.86823,0.16315,-0.2264,0.29244
Type 2 Diabetes Mellitus,0.12905,0.16253,0.17636,0.19106,0.17201,-0.75573,-0.00848,0.24169,-0.67092,-0.15849,-0.41439,0.31225,0.57877,-0.19377,0.26926,0.42729,0.10031,0.04107,0.09521,0.79049,0.38722,-0.01049,0.31066,-0.61932,0.25249,-0.42479,-0.1331,0.04757,-0.26554,0.5765
Ulcerative colitis,-0.38637,-0.51826,0.56513,0.16537,-0.16,-1.1611,-0.36324,-0.72555,0.07582,0.61344,-1.16369,0.27462,-0.0294,-0.19032,0.02267,-0.12364,0.43633,-0.79408,-0.26582,-0.45321,-0.02259,-0.811,0.57296,-1.13615,-0.22239,-0.55294,0.17687,-0.50582,-0.12551,0.04338
Unstable Angina,-0.09577,0.93016,0.32306,0.15022,0.4155,-0.23084,0.54847,0.0274,-0.53654,0.38233,-0.18571,0.12368,0.40089,-0.41218,0.36236,0.48034,-0.7617,0.00196,0.15179,-0.25795,-0.56955,-0.29725,0.20995,-0.21667,-0.05431,-0.70506,0.54671,-0.20714,-0.72652,0.32555
Urinary Incontinence,-0.33565,0.10822,-0.15535,0.09828,-0.10908,-0.04105,0.06377,0.22712,-0.38918,0.18644,0.37421,-0.12405,0.43275,0.21652,-0.35848,0.30833,0.44158,0.17748,-0.06689,0.06938,-0.32556,-0.2699,1.19808,-0.56749,0.02624,0.23893,0.74858,0.13816,0.09645,0.27485
Venous thromboembolic disease (Excl PE),0.08087,-0.04665,0.32355,-0.03321,-0.00383,0.07383,0.3602,-0.70026,-0.80966,-0.19615,-0.37452,0.38762,-0.21448,0.49291,0.3568,0.57655,0.2742,-0.63179,-0.22666,0.34092,0.00166,-0.06497,0.12872,-0.44763,0.01809,0.69964,0.02352,-0.62657,-0.81831,-0.2801
Ventricular tachycardia,-0.32188,0.40192,-0.06187,0.32792,0.07712,0.10545,0.21856,0.15213,0.12405,0.46962,-0.66093,0.29658,0.55332,-0.11639,-0.4484,0.7989,-0.18248,-0.35533,-0.51957,0.11814,-0.76654,-0.51001,-0.28896,-0.30564,-0.77926,-0.37415,0.50721,0.04701,-0.56287,0.30338
Visual impairment and blindness,0.35171,0.01373,-0.14239,0.15426,-0.4398,-0.09968,0.12022,0.31001,-0.68158,0.05617,0.45509,0.13573,0.24581,-0.29822,0.15587,0.32927,0.0532,-0.2984,-0.06073,0.159,-0.39453,-0.27484,0.66408,-0.08824,-0.34307,-0.02519,0.24835,-0.14863,0.21751,0.78792
Vitamin B12 deficiency anaemia,0.65399,0.54333,0.61074,-0.06314,-0.30717,-1.00809,-0.29655,0.04924,-0.31718,0.06362,-0.28928,-0.5694,0.36353,-0.43436,0.72498,-0.60659,0.02989,0.06579,0.69365,-0.14471,-0.16105,-0.54379,0.81646,-0.41107,0.00341,0.22103,0.09002,0.38443,0.05158,-0.00011
Vitiligo,0.12852,-0.52518,0.30811,-0.20024,-0.07176,-0.45003,-0.37305,0.23361,-0.08154,0.42729,-0.67268,0.83893,0.01573,-0.31261,-0.13437,-0.15691,0.33805,0.95783,0.30349,-0.53308,-0.65732,-0.30647,0.63359,-0.4236,-0.3807,-0.09277,-0.23407,0.01518,-0.19335,-0.14709
